{
    "data": 
    [
        {
            "title": "None", 
            "paragraphs":
            [
                {
                    "context": "Architecturally, the school has a Catholic character. Atop the Main Building's gold dome is a golden statue of the Virgin Mary. Immediately in front of the Main Building and facing it, is a copper statue of Christ with arms upraised with the legend \"Venite Ad Me Omnes\". Next to the Main Building is the Basilica of the Sacred Heart. Immediately behind the basilica is the Grotto, a Marian place of prayer and reflection. It is a replica of the grotto at Lourdes, France where the Virgin Mary reputedly appeared to Saint Bernadette Soubirous in 1858. At the end of the main drive (and in a direct line that connects through 3 statues and the Gold Dome), is a simple, modern stone statue of Mary.",
                    "qas": 
                        [
                            {"id": "689f275aacba6c43ff112b2c7cb16129bfa934fa", 
                            "question": "What material is the statue of Christ made of?", 
                            "answers": [{"text": "copper", "answer_start": 190}]}, 
                            {"id": "73bd3f52f5934e02332787898f6e568d04bc5403", 
                            "question": "Who is on the Main Building's gold dome?", 
                            "answers": [{"text": "the Virgin Mary.", "answer_start": 111}]}, 
                            {"id": "4d459d5b75fd8a6623446290c542f99f1538cf84", 
                            "question": "What kind of statue is at the end of the main drive?", 
                            "answers": [{"text": "modern stone", "answer_start": 667}]}, 
                            {"id": "987a1e469c5b360f142b0a171e15cef17cd68ea6", 
                            "question": "What type of dome is on the Main Building at Notre Dame?", 
                            "answers": [{"text": "gold", "answer_start": 79}]}, 
                            {"id": "843462fc44e6c8ab9edbe6865ca1ae911dffcd1a", 
                            "question": "What is next to the Main Building?", 
                            "answers": [{"text": "Basilica of the Sacred Heart", "answer_start": 304}]}, 
                            {"id": "0443604bcb6044b49e5eaa2cee6a580b4abc1a5c", 
                            "question": "What type of architecture does Notre Dame have?", 
                            "answers": [{"text": "Catholic", "answer_start": 34}]}, 
                            {"id": "56446512e52950b5d5f1a646610e16eaa2515f4b", 
                            "question": "Where is the statue of the Virgin Mary located?", 
                            "answers": [{"text": "Atop the Main Building's gold dome", "answer_start": 54}]}, 
                            {"id": "8281915a60c4aad03af728f9582c9204dbb17af6", 
                            "question": "What is the name of the Marian place of prayer and reflection behind the Basilica of the Sacred Heart?", 
                            "answers": [{"text": "Grotto", "answer_start": 373}]}, 
                            {"id": "173257a857e40e57778d06559c1e336a20e07eab", 
                            "question": "The Grotto at Notre Dame is a replica of what grotto in France?", 
                            "answers": [{"text": "Lourdes", "answer_start": 455}]}, 
                            {"id": "831d7029f1bad49562c8f5ff40adc4643f48f5b4", 
                            "question": "Who is the copper statue of in front of Notre Dame's Main Building?", 
                            "answers": [{"text": "Christ", "answer_start": 207}]}, 
                            {"id": "58060ecdd81e9d96474e0e8223626a4fb5968a19", 
                            "question": "What material is the statue of Mary made of?", 
                            "answers": [{"text": "golden", "answer_start": 94}]}, 
                            {"id": "8d2d4cd627adcef15625e4ec2eee6f714c1a5f92", 
                            "question": "What type of building has a Catholic character?", 
                            "answers": [{"text": "Architecturally", "answer_start": 0}]}, 
                            {"id": "5b072eaacf5558e29cf0427295b4b68a91e8ee75", 
                            "question": "What type of character does the school have?", 
                            "answers": [{"text": "Catholic", "answer_start": 34}]}, 
                            {"id": "a79c097ae8823a034cd72e9fcbe30c538244e67f", 
                            "question": "Where is Lourdes located?", 
                            "answers": [{"text": "France", "answer_start": 464}]}, 
                            {"id": "a86ca69217f5935c54e10e6bdd2583d84798c7a5", 
                            "question": "Who did the Virgin Mary supposedly appear to in 1858?", 
                            "answers": [{"text": "Saint Bernadette Soubirous", "answer_start": 515}]}
                        ]
                    }
            ]
        }
    ]
}